Date,Prospects Added,Outreach Sent,Replies,Positive Replies,Calls Booked,Pilots Closed,Revenue USD,Impressions,Clicks,CTR %,Notes
2026-__-__,0,0,0,0,0,0,0,0,0,0,
2026-__-__,0,0,0,0,0,0,0,0,0,0,
2026-__-__,0,0,0,0,0,0,0,0,0,0,
2026-__-__,0,0,0,0,0,0,0,0,0,0,
2026-__-__,0,0,0,0,0,0,0,0,0,0,
2026-__-__,0,0,0,0,0,0,0,0,0,0,
2026-__-__,0,0,0,0,0,0,0,0,0,0,
2026-__-__,0,0,0,0,0,0,0,0,0,0,
2026-__-__,0,0,0,0,0,0,0,0,0,0,
2026-__-__,0,0,0,0,0,0,0,0,0,0,
2026-__-__,0,0,0,0,0,0,0,0,0,0,
2026-__-__,0,0,0,0,0,0,0,0,0,0,
2026-__-__,0,0,0,0,0,0,0,0,0,0,
2026-__-__,0,0,0,0,0,0,0,0,0,0,
2026-__-__,0,0,0,0,0,0,0,0,0,0,
2026-__-__,0,0,0,0,0,0,0,0,0,0,
2026-__-__,0,0,0,0,0,0,0,0,0,0,
2026-__-__,0,0,0,0,0,0,0,0,0,0,
2026-__-__,0,0,0,0,0,0,0,0,0,0,
2026-__-__,0,0,0,0,0,0,0,0,0,0,
2026-__-__,0,0,0,0,0,0,0,0,0,0,
2026-__-__,0,0,0,0,0,0,0,0,0,0,
2026-__-__,0,0,0,0,0,0,0,0,0,0,
2026-__-__,0,0,0,0,0,0,0,0,0,0,
2026-__-__,0,0,0,0,0,0,0,0,0,0,
2026-__-__,0,0,0,0,0,0,0,0,0,0,
2026-__-__,0,0,0,0,0,0,0,0,0,0,
2026-__-__,0,0,0,0,0,0,0,0,0,0,
2026-__-__,0,0,0,0,0,0,0,0,0,0,
2026-__-__,0,0,0,0,0,0,0,0,0,0,
